[
  {
    "value": "udaipur",
    "synonyms": [
      "udaipur",
      "mewad"
    ]
  },
  {
    "value": "jaipur",
    "synonyms": [
      "jaipur"
    ]
  },
  {
    "value": "chittorgarh",
    "synonyms": [
      "chittorgarh",
      "chittor"
    ]
  },
  {
    "value": "banswara",
    "synonyms": [
      "banswara",
      "vagad"
    ]
  },
  {
    "value": "dungarpur",
    "synonyms": [
      "dungarpur"
    ]
  },
  {
    "value": "jaisalmer",
    "synonyms": [
      "jaisalmer"
    ]
  },
  {
    "value": "jaisamand",
    "synonyms": [
      "jaisamand"
    ]
  },
  {
    "value": "jodhpur",
    "synonyms": [
      "jodhpur",
      "desert"
    ]
  },
  {
    "value": "amet",
    "synonyms": [
      "amet"
    ]
  },
  {
    "value": "amer",
    "synonyms": [
      "amer"
    ]
  },
  {
    "value": "rajsamand",
    "synonyms": [
      "rajsamand",
      "nathdwara"
    ]
  }
]