[
  {
    "value": "ATG Oxford",
    "synonyms": [
      "ATG Oxford"
    ]
  },
  {
    "value": "Asia Answers",
    "synonyms": [
      "Asia Answers"
    ]
  },
  {
    "value": "Brendan Vacations",
    "synonyms": [
      "Brendan Vacations"
    ]
  },
  {
    "value": "California Vacations",
    "synonyms": [
      "California Vacations"
    ]
  },
  {
    "value": "Collette Explorations",
    "synonyms": [
      "Collette Explorations"
    ]
  },
  {
    "value": "Design Holidays",
    "synonyms": [
      "Design Holidays"
    ]
  },
  {
    "value": "Headwater Holidays",
    "synonyms": [
      "Headwater Holidays"
    ]
  },
  {
    "value": "La Bella Toscana",
    "synonyms": [
      "La Bella Toscana"
    ]
  },
  {
    "value": "Majestic Vacations",
    "synonyms": [
      "Majestic Vacations"
    ]
  },
  {
    "value": "Overseas Adventure Travel",
    "synonyms": [
      "Overseas Adventure Travel"
    ]
  },
  {
    "value": "Worldwide Traveler",
    "synonyms": [
      "Worldwide Traveler"
    ]
  },
  {
    "value": "Adventures by Disney",
    "synonyms": [
      "Adventures by Disney"
    ]
  },
  {
    "value": "Archers Tours",
    "synonyms": [
      "Archers Tours"
    ]
  },
  {
    "value": "Bellini Travel",
    "synonyms": [
      "Bellini Travel"
    ]
  },
  {
    "value": "Boston, MA 02111",
    "synonyms": [
      "Boston, MA 02111"
    ]
  },
  {
    "value": "China Travel Service Inc.",
    "synonyms": [
      "China Travel Service Inc."
    ]
  },
  {
    "value": "Cox and Kings - The Americas",
    "synonyms": [
      "Cox and Kings - The Americas"
    ]
  },
  {
    "value": "DH Enterprise \u0026 Associates Inc.",
    "synonyms": [
      "DH Enterprise \u0026 Associates Inc."
    ]
  },
  {
    "value": "GowayAir.com",
    "synonyms": [
      "GowayAir.com"
    ]
  },
  {
    "value": "Homeric Tours Inc.",
    "synonyms": [
      "Homeric Tours Inc."
    ]
  },
  {
    "value": "ITC Classics",
    "synonyms": [
      "ITC Classics"
    ]
  },
  {
    "value": "IslandsEscapes by Goway",
    "synonyms": [
      "IslandsEscapes by Goway"
    ]
  },
  {
    "value": "Jetsave",
    "synonyms": [
      "Jetsave"
    ]
  },
  {
    "value": "Long Travel",
    "synonyms": [
      "Long Travel"
    ]
  },
  {
    "value": "Member Since 2016",
    "synonyms": [
      "Member Since 2016"
    ]
  },
  {
    "value": "Pleasant Holidays LLC",
    "synonyms": [
      "Pleasant Holidays LLC"
    ]
  },
  {
    "value": "Quark Expeditions",
    "synonyms": [
      "Quark Expeditions"
    ]
  },
  {
    "value": "Rail Europe Inc.",
    "synonyms": [
      "Rail Europe Inc."
    ]
  },
  {
    "value": "Sicilian Experience",
    "synonyms": [
      "Sicilian Experience"
    ]
  },
  {
    "value": "Spirit Vacations",
    "synonyms": [
      "Spirit Vacations"
    ]
  },
  {
    "value": "TCS Expeditions",
    "synonyms": [
      "TCS Expeditions"
    ]
  },
  {
    "value": "Tauck Premier Events",
    "synonyms": [
      "Tauck Premier Events"
    ]
  },
  {
    "value": "Tauck World Discovery",
    "synonyms": [
      "Tauck World Discovery"
    ]
  },
  {
    "value": "Uniworld Boutique River Cruise Collection",
    "synonyms": [
      "Uniworld Boutique River Cruise Collection"
    ]
  },
  {
    "value": "Viking Cruises",
    "synonyms": [
      "Viking Cruises"
    ]
  },
  {
    "value": "WorldStrides Capstone Programs",
    "synonyms": [
      "WorldStrides Capstone Programs"
    ]
  },
  {
    "value": "Encore Tours",
    "synonyms": [
      "Encore Tours"
    ]
  },
  {
    "value": "Funway Holidays",
    "synonyms": [
      "Funway Holidays"
    ]
  },
  {
    "value": "Home in Italy",
    "synonyms": [
      "Home in Italy"
    ]
  },
  {
    "value": "Premier Holidays",
    "synonyms": [
      "Premier Holidays"
    ]
  },
  {
    "value": "Southwest Vacations",
    "synonyms": [
      "Southwest Vacations"
    ]
  },
  {
    "value": "TUI Travel",
    "synonyms": [
      "TUI Travel"
    ]
  },
  {
    "value": "Travel Department",
    "synonyms": [
      "Travel Department"
    ]
  },
  {
    "value": "Travel2",
    "synonyms": [
      "Travel2"
    ]
  },
  {
    "value": "WorldStrides",
    "synonyms": [
      "WorldStrides"
    ]
  },
  {
    "value": "Alumni Holidays",
    "synonyms": [
      "Alumni Holidays"
    ]
  },
  {
    "value": "Cottages to Castles",
    "synonyms": [
      "Cottages to Castles"
    ]
  },
  {
    "value": "Ferrari Tours",
    "synonyms": [
      "Ferrari Tours"
    ]
  },
  {
    "value": "Goway.com",
    "synonyms": [
      "Goway.com"
    ]
  },
  {
    "value": "Great Safaris",
    "synonyms": [
      "Great Safaris"
    ]
  },
  {
    "value": "Lion World Travel",
    "synonyms": [
      "Lion World Travel"
    ]
  },
  {
    "value": "MLT Vacations LLC",
    "synonyms": [
      "MLT Vacations LLC"
    ]
  },
  {
    "value": "Pacific Delight Tours",
    "synonyms": [
      "Pacific Delight Tours"
    ]
  },
  {
    "value": "Sunsail",
    "synonyms": [
      "Sunsail"
    ]
  },
  {
    "value": "The Moorings",
    "synonyms": [
      "The Moorings"
    ]
  },
  {
    "value": "Trafalgar",
    "synonyms": [
      "Trafalgar"
    ]
  },
  {
    "value": "TrekAmerica",
    "synonyms": [
      "TrekAmerica"
    ]
  },
  {
    "value": "WorldStrides Excel",
    "synonyms": [
      "WorldStrides Excel"
    ]
  },
  {
    "value": "African Travel",
    "synonyms": [
      "African Travel"
    ]
  },
  {
    "value": "Avalon Waterways",
    "synonyms": [
      "Avalon Waterways"
    ]
  },
  {
    "value": "Back-Roads Touring Co",
    "synonyms": [
      "Back-Roads Touring Co"
    ]
  },
  {
    "value": "Destinations Downunder By Goway",
    "synonyms": [
      "Destinations Downunder By Goway"
    ]
  },
  {
    "value": "Essential Italy",
    "synonyms": [
      "Essential Italy"
    ]
  },
  {
    "value": "Fathom Travel",
    "synonyms": [
      "Fathom Travel"
    ]
  },
  {
    "value": "Funjet Vacations",
    "synonyms": [
      "Funjet Vacations"
    ]
  },
  {
    "value": "Globus",
    "synonyms": [
      "Globus"
    ]
  },
  {
    "value": "Journeys of Distinction",
    "synonyms": [
      "Journeys of Distinction"
    ]
  },
  {
    "value": "Le Boat",
    "synonyms": [
      "Le Boat"
    ]
  },
  {
    "value": "Qantas Vacations",
    "synonyms": [
      "Qantas Vacations"
    ]
  },
  {
    "value": "Sardatur Holidays",
    "synonyms": [
      "Sardatur Holidays"
    ]
  },
  {
    "value": "Scenic Tours USA Inc.",
    "synonyms": [
      "Scenic Tours USA Inc."
    ]
  },
  {
    "value": "Sceptre",
    "synonyms": [
      "Sceptre"
    ]
  },
  {
    "value": "TRAVCOA",
    "synonyms": [
      "TRAVCOA"
    ]
  },
  {
    "value": "Timetrekkers",
    "synonyms": [
      "Timetrekkers"
    ]
  },
  {
    "value": "Travel la Carte",
    "synonyms": [
      "Travel la Carte"
    ]
  },
  {
    "value": "UK \u0026 Europe by Goway",
    "synonyms": [
      "UK \u0026 Europe by Goway"
    ]
  },
  {
    "value": "Bridgewater Travel",
    "synonyms": [
      "Bridgewater Travel"
    ]
  },
  {
    "value": "Brightspark Travel USA",
    "synonyms": [
      "Brightspark Travel USA"
    ]
  },
  {
    "value": "CIE Tours International",
    "synonyms": [
      "CIE Tours International"
    ]
  },
  {
    "value": "Classic Vacations",
    "synonyms": [
      "Classic Vacations"
    ]
  },
  {
    "value": "Discovery Tours by Gate 1",
    "synonyms": [
      "Discovery Tours by Gate 1"
    ]
  },
  {
    "value": "Globus Family of Brands",
    "synonyms": [
      "Globus Family of Brands"
    ]
  },
  {
    "value": "GradCity",
    "synonyms": [
      "GradCity"
    ]
  },
  {
    "value": "Grand Circle Travel",
    "synonyms": [
      "Grand Circle Travel"
    ]
  },
  {
    "value": "Holland America Line",
    "synonyms": [
      "Holland America Line"
    ]
  },
  {
    "value": "Latin America by Goway",
    "synonyms": [
      "Latin America by Goway"
    ]
  },
  {
    "value": "Mark Travel Corporation \u0026 Affiliated Companies",
    "synonyms": [
      "Mark Travel Corporation \u0026 Affiliated Companies"
    ]
  },
  {
    "value": "Marriott Vacation Club",
    "synonyms": [
      "Marriott Vacation Club"
    ]
  },
  {
    "value": "The Travel Corporation USA",
    "synonyms": [
      "The Travel Corporation USA"
    ]
  },
  {
    "value": "Travel Impressions",
    "synonyms": [
      "Travel Impressions"
    ]
  },
  {
    "value": "Viking River Cruises",
    "synonyms": [
      "Viking River Cruises"
    ]
  },
  {
    "value": "WorldStrides Explorica",
    "synonyms": [
      "WorldStrides Explorica"
    ]
  },
  {
    "value": "WorldStrides Perspectives",
    "synonyms": [
      "WorldStrides Perspectives"
    ]
  },
  {
    "value": "Zegrahm Expeditions",
    "synonyms": [
      "Zegrahm Expeditions"
    ]
  },
  {
    "value": "smarTours",
    "synonyms": [
      "smarTours"
    ]
  },
  {
    "value": "Aeromexico Vacations",
    "synonyms": [
      "Aeromexico Vacations"
    ]
  },
  {
    "value": "American Council for International Studies",
    "synonyms": [
      "American Council for International Studies"
    ]
  },
  {
    "value": "Complete North America",
    "synonyms": [
      "Complete North America"
    ]
  },
  {
    "value": "EF Educational Tours",
    "synonyms": [
      "EF Educational Tours"
    ]
  },
  {
    "value": "Exsus Travel",
    "synonyms": [
      "Exsus Travel"
    ]
  },
  {
    "value": "Fax: 617.936.3118",
    "synonyms": [
      "Fax: 617.936.3118"
    ]
  },
  {
    "value": "Holiday Vacations",
    "synonyms": [
      "Holiday Vacations"
    ]
  },
  {
    "value": "Islands in the Sun",
    "synonyms": [
      "Islands in the Sun"
    ]
  },
  {
    "value": "ItalyVacations.com",
    "synonyms": [
      "ItalyVacations.com"
    ]
  },
  {
    "value": "Journese",
    "synonyms": [
      "Journese"
    ]
  },
  {
    "value": "Learning Journeys",
    "synonyms": [
      "Learning Journeys"
    ]
  },
  {
    "value": "MGM Resorts Vacations",
    "synonyms": [
      "MGM Resorts Vacations"
    ]
  },
  {
    "value": "Pacific Delight Travel LLC",
    "synonyms": [
      "Pacific Delight Travel LLC"
    ]
  },
  {
    "value": "Perillo Tours",
    "synonyms": [
      "Perillo Tours"
    ]
  },
  {
    "value": "Ritz Tours",
    "synonyms": [
      "Ritz Tours"
    ]
  },
  {
    "value": "Sunvil",
    "synonyms": [
      "Sunvil"
    ]
  },
  {
    "value": "Swain Destinations",
    "synonyms": [
      "Swain Destinations"
    ]
  },
  {
    "value": "Tastes of Italy",
    "synonyms": [
      "Tastes of Italy"
    ]
  },
  {
    "value": "Tauck Culturious",
    "synonyms": [
      "Tauck Culturious"
    ]
  },
  {
    "value": "Tuscany Now",
    "synonyms": [
      "Tuscany Now"
    ]
  },
  {
    "value": "VBT Bicycling and Walking Vacations",
    "synonyms": [
      "VBT Bicycling and Walking Vacations"
    ]
  },
  {
    "value": "World Class Vacations",
    "synonyms": [
      "World Class Vacations"
    ]
  },
  {
    "value": "WorldStrides Discoveries",
    "synonyms": [
      "WorldStrides Discoveries"
    ]
  },
  {
    "value": "Austin Adventures",
    "synonyms": [
      "Austin Adventures"
    ]
  },
  {
    "value": "Bon Voyage",
    "synonyms": [
      "Bon Voyage"
    ]
  },
  {
    "value": "Cresta Holidays",
    "synonyms": [
      "Cresta Holidays"
    ]
  },
  {
    "value": "Crusader Travel",
    "synonyms": [
      "Crusader Travel"
    ]
  },
  {
    "value": "Flight Centre Travel Group",
    "synonyms": [
      "Flight Centre Travel Group"
    ]
  },
  {
    "value": "Gate 1 Travel",
    "synonyms": [
      "Gate 1 Travel"
    ]
  },
  {
    "value": "Goway Travel, Inc.",
    "synonyms": [
      "Goway Travel, Inc."
    ]
  },
  {
    "value": "Great Value Vacations",
    "synonyms": [
      "Great Value Vacations"
    ]
  },
  {
    "value": "Journeys Connect",
    "synonyms": [
      "Journeys Connect"
    ]
  },
  {
    "value": "Peony Tours",
    "synonyms": [
      "Peony Tours"
    ]
  },
  {
    "value": "Quality Villas",
    "synonyms": [
      "Quality Villas"
    ]
  },
  {
    "value": "Thomas Cook Tours",
    "synonyms": [
      "Thomas Cook Tours"
    ]
  },
  {
    "value": "United Vacations Asia",
    "synonyms": [
      "United Vacations Asia"
    ]
  },
  {
    "value": "Abercrombie \u0026 Kent",
    "synonyms": [
      "Abercrombie \u0026 Kent"
    ]
  },
  {
    "value": "Air by Pleasant",
    "synonyms": [
      "Air by Pleasant"
    ]
  },
  {
    "value": "America As You Like It",
    "synonyms": [
      "America As You Like It"
    ]
  },
  {
    "value": "Cosmos Tours and Cruises",
    "synonyms": [
      "Cosmos Tours and Cruises"
    ]
  },
  {
    "value": "EF College Study Tours",
    "synonyms": [
      "EF College Study Tours"
    ]
  },
  {
    "value": "GTA Americas LLC",
    "synonyms": [
      "GTA Americas LLC"
    ]
  },
  {
    "value": "Kensington Tours",
    "synonyms": [
      "Kensington Tours"
    ]
  },
  {
    "value": "Scenic Tours USA",
    "synonyms": [
      "Scenic Tours USA"
    ]
  },
  {
    "value": "Suite 400",
    "synonyms": [
      "Suite 400"
    ]
  },
  {
    "value": "Thomas Cook Tours",
    "synonyms": [
      "Thomas Cook Tours"
    ]
  },
  {
    "value": "To-Tuscany",
    "synonyms": [
      "To-Tuscany"
    ]
  },
  {
    "value": "Travel Editions",
    "synonyms": [
      "Travel Editions"
    ]
  },
  {
    "value": "Travelscene",
    "synonyms": [
      "Travelscene"
    ]
  },
  {
    "value": "AAA Vacations",
    "synonyms": [
      "AAA Vacations"
    ]
  },
  {
    "value": "Australian Pacific Touring",
    "synonyms": [
      "Australian Pacific Touring"
    ]
  },
  {
    "value": "Celtic Tours World Vacations",
    "synonyms": [
      "Celtic Tours World Vacations"
    ]
  },
  {
    "value": "Down Under Answers",
    "synonyms": [
      "Down Under Answers"
    ]
  },
  {
    "value": "EF College Break",
    "synonyms": [
      "EF College Break"
    ]
  },
  {
    "value": "Insider Journeys",
    "synonyms": [
      "Insider Journeys"
    ]
  },
  {
    "value": "Landmark Trust",
    "synonyms": [
      "Landmark Trust"
    ]
  },
  {
    "value": "Lindblad Expeditions",
    "synonyms": [
      "Lindblad Expeditions"
    ]
  },
  {
    "value": "Major Travel",
    "synonyms": [
      "Major Travel"
    ]
  },
  {
    "value": "Oliver\u0027s Travels",
    "synonyms": [
      "Oliver\u0027s Travels"
    ]
  },
  {
    "value": "One Financial Center",
    "synonyms": [
      "One Financial Center"
    ]
  },
  {
    "value": "Princess Cruises and Tours",
    "synonyms": [
      "Princess Cruises and Tours"
    ]
  },
  {
    "value": "Wanderforth",
    "synonyms": [
      "Wanderforth"
    ]
  },
  {
    "value": "Wilderness Travel",
    "synonyms": [
      "Wilderness Travel"
    ]
  },
  {
    "value": "thinkSicily",
    "synonyms": [
      "thinkSicily"
    ]
  },
  {
    "value": "AHI International",
    "synonyms": [
      "AHI International"
    ]
  },
  {
    "value": "Abercrombie \u0026 Kent USA, LLC",
    "synonyms": [
      "Abercrombie \u0026 Kent USA, LLC"
    ]
  },
  {
    "value": "Avanti Destinations",
    "synonyms": [
      "Avanti Destinations"
    ]
  },
  {
    "value": "Classic Collection",
    "synonyms": [
      "Classic Collection"
    ]
  },
  {
    "value": "Expert to Italy",
    "synonyms": [
      "Expert to Italy"
    ]
  },
  {
    "value": "GTA Americas",
    "synonyms": [
      "GTA Americas"
    ]
  },
  {
    "value": "Go Ahead Tours",
    "synonyms": [
      "Go Ahead Tours"
    ]
  },
  {
    "value": "Go-Today",
    "synonyms": [
      "Go-Today"
    ]
  },
  {
    "value": "Grand American Adventures",
    "synonyms": [
      "Grand American Adventures"
    ]
  },
  {
    "value": "Insight Vacations",
    "synonyms": [
      "Insight Vacations"
    ]
  },
  {
    "value": "International Expeditions",
    "synonyms": [
      "International Expeditions"
    ]
  },
  {
    "value": "Phone: 855.517.1200",
    "synonyms": [
      "Phone: 855.517.1200"
    ]
  },
  {
    "value": "Pleasant Activities",
    "synonyms": [
      "Pleasant Activities"
    ]
  },
  {
    "value": "Profile Website",
    "synonyms": [
      "Profile Website"
    ]
  },
  {
    "value": "Real Holidays",
    "synonyms": [
      "Real Holidays"
    ]
  },
  {
    "value": "Summer\u0027s Leases",
    "synonyms": [
      "Summer\u0027s Leases"
    ]
  },
  {
    "value": "Tauck Bridges",
    "synonyms": [
      "Tauck Bridges"
    ]
  },
  {
    "value": "United Vacations",
    "synonyms": [
      "United Vacations"
    ]
  },
  {
    "value": "Virgin Vacations",
    "synonyms": [
      "Virgin Vacations"
    ]
  },
  {
    "value": "AFRICAExperts by Goway",
    "synonyms": [
      "AFRICAExperts by Goway"
    ]
  },
  {
    "value": "Alexander+Roberts",
    "synonyms": [
      "Alexander+Roberts"
    ]
  },
  {
    "value": "Asia by Goway",
    "synonyms": [
      "Asia by Goway"
    ]
  },
  {
    "value": "Country Walkers",
    "synonyms": [
      "Country Walkers"
    ]
  },
  {
    "value": "EF Institute for Cultural Exchange",
    "synonyms": [
      "EF Institute for Cultural Exchange"
    ]
  },
  {
    "value": "Grand European Travel",
    "synonyms": [
      "Grand European Travel"
    ]
  },
  {
    "value": "Hedonistic Hiking",
    "synonyms": [
      "Hedonistic Hiking"
    ]
  },
  {
    "value": "Painting in Italy",
    "synonyms": [
      "Painting in Italy"
    ]
  },
  {
    "value": "Tauck",
    "synonyms": [
      "Tauck"
    ]
  },
  {
    "value": "Tuscan Holidays",
    "synonyms": [
      "Tuscan Holidays"
    ]
  },
  {
    "value": "WorldStrides Oxbridge Academic",
    "synonyms": [
      "WorldStrides Oxbridge Academic"
    ]
  },
  {
    "value": "Contiki",
    "synonyms": [
      "Contiki"
    ]
  },
  {
    "value": "Destinology",
    "synonyms": [
      "Destinology"
    ]
  },
  {
    "value": "Elegant Resorts",
    "synonyms": [
      "Elegant Resorts"
    ]
  },
  {
    "value": "Global Consolidated Services",
    "synonyms": [
      "Global Consolidated Services"
    ]
  },
  {
    "value": "Go Play Tours",
    "synonyms": [
      "Go Play Tours"
    ]
  },
  {
    "value": "Grand Circle Cruise Line",
    "synonyms": [
      "Grand Circle Cruise Line"
    ]
  },
  {
    "value": "Ilios Travel",
    "synonyms": [
      "Ilios Travel"
    ]
  },
  {
    "value": "Mayflower Tours",
    "synonyms": [
      "Mayflower Tours"
    ]
  },
  {
    "value": "Pleasant Holidays",
    "synonyms": [
      "Pleasant Holidays"
    ]
  },
  {
    "value": "SITA World Tours",
    "synonyms": [
      "SITA World Tours"
    ]
  },
  {
    "value": "Travelsphere",
    "synonyms": [
      "Travelsphere"
    ]
  },
  {
    "value": "Venice Prestige",
    "synonyms": [
      "Venice Prestige"
    ]
  },
  {
    "value": "Wendy Wu Tours",
    "synonyms": [
      "Wendy Wu Tours"
    ]
  },
  {
    "value": "Wish Sicily",
    "synonyms": [
      "Wish Sicily"
    ]
  },
  {
    "value": "WorldStrides OnStage",
    "synonyms": [
      "WorldStrides OnStage"
    ]
  },
  {
    "value": "smarTours LLC",
    "synonyms": [
      "smarTours LLC"
    ]
  },
  {
    "value": "All About Tours, Inc.",
    "synonyms": [
      "All About Tours, Inc."
    ]
  },
  {
    "value": "American Holidays",
    "synonyms": [
      "American Holidays"
    ]
  },
  {
    "value": "Blue Sky Tours",
    "synonyms": [
      "Blue Sky Tours"
    ]
  },
  {
    "value": "Boxwood Tours",
    "synonyms": [
      "Boxwood Tours"
    ]
  },
  {
    "value": "Citalia Holidays",
    "synonyms": [
      "Citalia Holidays"
    ]
  },
  {
    "value": "Collette",
    "synonyms": [
      "Collette"
    ]
  },
  {
    "value": "Colletts Mountain Holidays",
    "synonyms": [
      "Colletts Mountain Holidays"
    ]
  },
  {
    "value": "Europe Express",
    "synonyms": [
      "Europe Express"
    ]
  },
  {
    "value": "Grand Circle LLC",
    "synonyms": [
      "Grand Circle LLC"
    ]
  },
  {
    "value": "Kirker Holidays",
    "synonyms": [
      "Kirker Holidays"
    ]
  },
  {
    "value": "Tauck River Cruising",
    "synonyms": [
      "Tauck River Cruising"
    ]
  },
  {
    "value": "Tauck Small Ship Cruising",
    "synonyms": [
      "Tauck Small Ship Cruising"
    ]
  },
  {
    "value": "Vacansoleil",
    "synonyms": [
      "Vacansoleil"
    ]
  },
  {
    "value": "Walt Disney Travel Company",
    "synonyms": [
      "Walt Disney Travel Company"
    ]
  },
  {
    "value": "YMT Vacations",
    "synonyms": [
      "YMT Vacations"
    ]
  },
  {
    "value": "Air New Zealand Vacations",
    "synonyms": [
      "Air New Zealand Vacations"
    ]
  },
  {
    "value": "Delta Vacations",
    "synonyms": [
      "Delta Vacations"
    ]
  },
  {
    "value": "Footloose Sailing Charters",
    "synonyms": [
      "Footloose Sailing Charters"
    ]
  },
  {
    "value": "GroupsOnly by Goway",
    "synonyms": [
      "GroupsOnly by Goway"
    ]
  },
  {
    "value": "Hays Faraway",
    "synonyms": [
      "Hays Faraway"
    ]
  },
  {
    "value": "Invitation to Tuscany",
    "synonyms": [
      "Invitation to Tuscany"
    ]
  },
  {
    "value": "Monograms",
    "synonyms": [
      "Monograms"
    ]
  },
  {
    "value": "Montisi Magica",
    "synonyms": [
      "Montisi Magica"
    ]
  },
  {
    "value": "My America Holiday",
    "synonyms": [
      "My America Holiday"
    ]
  },
  {
    "value": "Sardinian Places",
    "synonyms": [
      "Sardinian Places"
    ]
  },
  {
    "value": "Stella Travel Services USA, Inc",
    "synonyms": [
      "Stella Travel Services USA, Inc"
    ]
  },
  {
    "value": "Travel and Company",
    "synonyms": [
      "Travel and Company"
    ]
  },
  {
    "value": "WorldStrides Keating Educational Programs",
    "synonyms": [
      "WorldStrides Keating Educational Programs"
    ]
  },
  {
    "value": "American Sky",
    "synonyms": [
      "American Sky"
    ]
  },
  {
    "value": "CW Safaris",
    "synonyms": [
      "CW Safaris"
    ]
  },
  {
    "value": "Captain\u0027s Choice",
    "synonyms": [
      "Captain\u0027s Choice"
    ]
  },
  {
    "value": "Destination America",
    "synonyms": [
      "Destination America"
    ]
  },
  {
    "value": "EF Explore America",
    "synonyms": [
      "EF Explore America"
    ]
  },
  {
    "value": "Expressions",
    "synonyms": [
      "Expressions"
    ]
  },
  {
    "value": "GOGO Vacations",
    "synonyms": [
      "GOGO Vacations"
    ]
  },
  {
    "value": "Homeric Tours",
    "synonyms": [
      "Homeric Tours"
    ]
  },
  {
    "value": "Italian Connection",
    "synonyms": [
      "Italian Connection"
    ]
  },
  {
    "value": "Jumpstreet Tours",
    "synonyms": [
      "Jumpstreet Tours"
    ]
  },
  {
    "value": "Just Sardinia",
    "synonyms": [
      "Just Sardinia"
    ]
  },
  {
    "value": "Kudu Travel",
    "synonyms": [
      "Kudu Travel"
    ]
  },
  {
    "value": "Peter Sommer Travels",
    "synonyms": [
      "Peter Sommer Travels"
    ]
  },
  {
    "value": "Selective Travel Abroad",
    "synonyms": [
      "Selective Travel Abroad"
    ]
  },
  {
    "value": "SoloSicily",
    "synonyms": [
      "SoloSicily"
    ]
  },
  {
    "value": "StudentCity",
    "synonyms": [
      "StudentCity"
    ]
  },
  {
    "value": "Traditional Tuscany",
    "synonyms": [
      "Traditional Tuscany"
    ]
  },
  {
    "value": "WorldStrides International Study Abroad",
    "synonyms": [
      "WorldStrides International Study Abroad"
    ]
  }
]