[
  {
    "value": "car rental",
    "synonyms": [
      "car rental"
    ]
  },
  {
    "value": "bike rental",
    "synonyms": [
      "bike rental"
    ]
  },
  {
    "value": "rental service",
    "synonyms": [
      "rental service",
      "rental services"
    ]
  },
  {
    "value": "metro station",
    "synonyms": [
      "metro station",
      "metro stations",
      "subway station",
      "subway stations",
      "metro",
      "subway"
    ]
  },
  {
    "value": "train station",
    "synonyms": [
      "train station",
      "railway station"
    ]
  },
  {
    "value": "tour operator",
    "synonyms": [
      "tour operator",
      "tour service",
      "tour operators",
      "tour services"
    ]
  },
  {
    "value": "airport",
    "synonyms": [
      "airport",
      "airports"
    ]
  },
  {
    "value": "bus station",
    "synonyms": [
      "bus station",
      "bus stations"
    ]
  },
  {
    "value": "tourist information",
    "synonyms": [
      "tourist information"
    ]
  }
]