[
  {
    "id": "16cd2921-5252-4b7b-8e14-7128343d999f",
    "data": [
      {
        "text": "tell me about your application  feature",
        "userDefined": false
      }
    ],
    "isTemplate": false,
    "count": 0,
    "updated": 1512202877
  },
  {
    "id": "4ad8ba84-ed5e-44d6-8326-573dc0c2ffd2",
    "data": [
      {
        "text": "what is your application functionality",
        "userDefined": false
      }
    ],
    "isTemplate": false,
    "count": 0,
    "updated": 1512202877
  },
  {
    "id": "177fa665-66db-43c4-917b-bcca1b13e6a1",
    "data": [
      {
        "text": "tell me about your app  feature",
        "userDefined": false
      }
    ],
    "isTemplate": false,
    "count": 0,
    "updated": 1512202877
  },
  {
    "id": "3dd75fe8-c9d7-48ff-833f-68b78bc5ed65",
    "data": [
      {
        "text": "what is your app functionality",
        "userDefined": false
      }
    ],
    "isTemplate": false,
    "count": 0,
    "updated": 1512202877
  },
  {
    "id": "dab8abaf-e0a6-4191-95b0-70f7107d4a50",
    "data": [
      {
        "text": "what can your app do",
        "userDefined": false
      }
    ],
    "isTemplate": false,
    "count": 0,
    "updated": 1512202877
  },
  {
    "id": "92e09a73-0bdd-45f4-87e7-2d92b21c2fe8",
    "data": [
      {
        "text": "what can your application do",
        "userDefined": false
      }
    ],
    "isTemplate": false,
    "count": 0,
    "updated": 1512202877
  }
]